{
    "$schema": "http://schema.management.azure.com/schemas/2015-01-01/deploymentTemplate.json#",
    "contentVersion": "1.0.0.0",
    "parameters": {
        "factoryName": {
            "type": "string",
            "metadata": "Data Factory name",
            "defaultValue": "etldf2"
        },
        "ehrblobls_connectionString": {
            "type": "secureString",
            "metadata": "Secure string for 'connectionString' of 'ehrblobls'"
        },
        "etlsqldbls_password": {
            "type": "secureString",
            "metadata": "Secure string for 'password' of 'etlsqldbls'"
        },
        "csvblobls_connectionString": {
            "type": "secureString",
            "metadata": "Secure string for 'connectionString' of 'csvblobls'"
        },
        "sqldbls_password": {
            "type": "secureString",
            "metadata": "Secure string for 'password' of 'sqldbls'"
        },
        "etlsqldbls_properties_typeProperties_server": {
            "type": "string",
            "defaultValue": "etlsqlserver1.database.windows.net"
        },
        "etlsqldbls_properties_typeProperties_database": {
            "type": "string",
            "defaultValue": "etlsql"
        },
        "etlsqldbls_properties_typeProperties_userName": {
            "type": "string",
            "defaultValue": "admin1"
        },
        "sqldbls_properties_typeProperties_server": {
            "type": "string",
            "defaultValue": "etlsqlserver1.database.windows.net"
        },
        "sqldbls_properties_typeProperties_database": {
            "type": "string",
            "defaultValue": "etlsqldb"
        },
        "sqldbls_properties_typeProperties_userName": {
            "type": "string",
            "defaultValue": "admin1"
        },
        "containerUri": {
            "type": "string",
            "metadata": "URI to storage account containing linked ARM templates"
        },
        "containerSasToken": {
            "type": "string",
            "metadata": "Sas token to storage account containing linked ARM templates"
        }
    },
    "variables": {
        "factoryId": "[concat('Microsoft.DataFactory/factories/', parameters('factoryName'))]"
    },
    "resources": [
        {
            "name": "etldf2_ArmTemplate_0",
            "type": "Microsoft.Resources/deployments",
            "apiVersion": "2024-03-01",
            "properties": {
                "mode": "incremental",
                "templateLink": {
                    "uri": "[concat(parameters('containerUri'), '/ArmTemplate_0.json', parameters('containerSasToken'))]",
                    "contentVersion": "1.0.0.0"
                },
                "parameters": {
                    "factoryName": {
                        "value": "[parameters('factoryName')]"
                    },
                    "ehrblobls_connectionString": {
                        "value": "[parameters('ehrblobls_connectionString')]"
                    },
                    "etlsqldbls_password": {
                        "value": "[parameters('etlsqldbls_password')]"
                    },
                    "csvblobls_connectionString": {
                        "value": "[parameters('csvblobls_connectionString')]"
                    },
                    "sqldbls_password": {
                        "value": "[parameters('sqldbls_password')]"
                    },
                    "etlsqldbls_properties_typeProperties_server": {
                        "value": "[parameters('etlsqldbls_properties_typeProperties_server')]"
                    },
                    "etlsqldbls_properties_typeProperties_database": {
                        "value": "[parameters('etlsqldbls_properties_typeProperties_database')]"
                    },
                    "etlsqldbls_properties_typeProperties_userName": {
                        "value": "[parameters('etlsqldbls_properties_typeProperties_userName')]"
                    },
                    "sqldbls_properties_typeProperties_server": {
                        "value": "[parameters('sqldbls_properties_typeProperties_server')]"
                    },
                    "sqldbls_properties_typeProperties_database": {
                        "value": "[parameters('sqldbls_properties_typeProperties_database')]"
                    },
                    "sqldbls_properties_typeProperties_userName": {
                        "value": "[parameters('sqldbls_properties_typeProperties_userName')]"
                    }
                }
            },
            "dependsOn": []
        }
    ]
}