{
    "$schema": "https://schema.management.azure.com/schemas/2015-01-01/deploymentParameters.json#",
    "contentVersion": "1.0.0.0",
    "parameters": {
        "factoryName": {
            "value": "etldf2"
        },
        "etlsqldbls_password": {
            "value": ""
        },
        "csvblobls_connectionString": {
            "value": ""
        },
        "etlsqldbls_properties_typeProperties_server": {
            "value": "etlsqlserver1.database.windows.net"
        },
        "etlsqldbls_properties_typeProperties_database": {
            "value": "etlsqldb"
        },
        "etlsqldbls_properties_typeProperties_userName": {
            "value": "admin1"
        },
        "containerUri": {
            "value": ""
        },
        "containerSasToken": {
            "value": ""
        }
    }
}