{
    "$schema": "http://schema.management.azure.com/schemas/2015-01-01/deploymentTemplate.json#",
    "contentVersion": "1.0.0.0",
    "parameters": {
        "factoryName": {
            "type": "string",
            "metadata": "Data Factory name",
            "defaultValue": "etldf2"
        },
        "etlsqldbls_password": {
            "type": "secureString",
            "metadata": "Secure string for 'password' of 'etlsqldbls'"
        },
        "csvblobls_connectionString": {
            "type": "secureString",
            "metadata": "Secure string for 'connectionString' of 'csvblobls'"
        },
        "etlsqldbls_properties_typeProperties_server": {
            "type": "string",
            "defaultValue": "etlsqlserver1.database.windows.net"
        },
        "etlsqldbls_properties_typeProperties_database": {
            "type": "string",
            "defaultValue": "etlsqldb"
        },
        "etlsqldbls_properties_typeProperties_userName": {
            "type": "string",
            "defaultValue": "admin1"
        }
    },
    "variables": {
        "factoryId": "[concat('Microsoft.DataFactory/factories/', parameters('factoryName'))]"
    },
    "resources": [
        {
            "name": "[concat(parameters('factoryName'), '/etlsqldbls')]",
            "type": "Microsoft.DataFactory/factories/linkedServices",
            "apiVersion": "2018-06-01",
            "properties": {
                "annotations": [],
                "type": "AzureSqlDatabase",
                "typeProperties": {
                    "server": "[parameters('etlsqldbls_properties_typeProperties_server')]",
                    "database": "[parameters('etlsqldbls_properties_typeProperties_database')]",
                    "encrypt": "mandatory",
                    "trustServerCertificate": false,
                    "authenticationType": "SQL",
                    "userName": "[parameters('etlsqldbls_properties_typeProperties_userName')]",
                    "password": {
                        "type": "SecureString",
                        "value": "[parameters('etlsqldbls_password')]"
                    }
                }
            },
            "dependsOn": []
        },
        {
            "name": "[concat(parameters('factoryName'), '/csvblobls')]",
            "type": "Microsoft.DataFactory/factories/linkedServices",
            "apiVersion": "2018-06-01",
            "properties": {
                "annotations": [],
                "type": "AzureBlobStorage",
                "typeProperties": {
                    "connectionString": "[parameters('csvblobls_connectionString')]"
                }
            },
            "dependsOn": []
        },
        {
            "name": "[concat(parameters('factoryName'), '/DB to CSV')]",
            "type": "Microsoft.DataFactory/factories/pipelines",
            "apiVersion": "2018-06-01",
            "properties": {
                "activities": [
                    {
                        "name": "Patients",
                        "type": "Copy",
                        "dependsOn": [],
                        "policy": {
                            "timeout": "0.12:00:00",
                            "retry": 0,
                            "retryIntervalInSeconds": 30,
                            "secureOutput": false,
                            "secureInput": false
                        },
                        "userProperties": [],
                        "typeProperties": {
                            "source": {
                                "type": "AzureSqlSource",
                                "queryTimeout": "02:00:00",
                                "partitionOption": "None"
                            },
                            "sink": {
                                "type": "DelimitedTextSink",
                                "storeSettings": {
                                    "type": "AzureBlobStorageWriteSettings"
                                },
                                "formatSettings": {
                                    "type": "DelimitedTextWriteSettings",
                                    "quoteAllText": true,
                                    "fileExtension": ".csv"
                                }
                            },
                            "enableStaging": false,
                            "translator": {
                                "type": "TabularTranslator",
                                "typeConversion": true,
                                "typeConversionSettings": {
                                    "allowDataTruncation": true,
                                    "treatBooleanAsNumber": false
                                }
                            }
                        },
                        "inputs": [
                            {
                                "referenceName": "patientsqlds",
                                "type": "DatasetReference",
                                "parameters": {}
                            }
                        ],
                        "outputs": [
                            {
                                "referenceName": "TransformedPatients",
                                "type": "DatasetReference",
                                "parameters": {}
                            }
                        ]
                    },
                    {
                        "name": "Claims",
                        "type": "Copy",
                        "dependsOn": [
                            {
                                "activity": "Patients",
                                "dependencyConditions": [
                                    "Succeeded"
                                ]
                            }
                        ],
                        "policy": {
                            "timeout": "0.12:00:00",
                            "retry": 0,
                            "retryIntervalInSeconds": 30,
                            "secureOutput": false,
                            "secureInput": false
                        },
                        "userProperties": [],
                        "typeProperties": {
                            "source": {
                                "type": "AzureSqlSource",
                                "queryTimeout": "02:00:00",
                                "partitionOption": "None"
                            },
                            "sink": {
                                "type": "DelimitedTextSink",
                                "storeSettings": {
                                    "type": "AzureBlobStorageWriteSettings"
                                },
                                "formatSettings": {
                                    "type": "DelimitedTextWriteSettings",
                                    "quoteAllText": true,
                                    "fileExtension": ".csv"
                                }
                            },
                            "enableStaging": false,
                            "translator": {
                                "type": "TabularTranslator",
                                "typeConversion": true,
                                "typeConversionSettings": {
                                    "allowDataTruncation": true,
                                    "treatBooleanAsNumber": false
                                }
                            }
                        },
                        "inputs": [
                            {
                                "referenceName": "claimssqlds",
                                "type": "DatasetReference",
                                "parameters": {}
                            }
                        ],
                        "outputs": [
                            {
                                "referenceName": "TransformedClaims",
                                "type": "DatasetReference",
                                "parameters": {}
                            }
                        ]
                    },
                    {
                        "name": "Medications",
                        "type": "Copy",
                        "dependsOn": [
                            {
                                "activity": "Claims",
                                "dependencyConditions": [
                                    "Succeeded"
                                ]
                            }
                        ],
                        "policy": {
                            "timeout": "0.12:00:00",
                            "retry": 0,
                            "retryIntervalInSeconds": 30,
                            "secureOutput": false,
                            "secureInput": false
                        },
                        "userProperties": [],
                        "typeProperties": {
                            "source": {
                                "type": "AzureSqlSource",
                                "queryTimeout": "02:00:00",
                                "partitionOption": "None"
                            },
                            "sink": {
                                "type": "DelimitedTextSink",
                                "storeSettings": {
                                    "type": "AzureBlobStorageWriteSettings"
                                },
                                "formatSettings": {
                                    "type": "DelimitedTextWriteSettings",
                                    "quoteAllText": true,
                                    "fileExtension": ".csv"
                                }
                            },
                            "enableStaging": false,
                            "translator": {
                                "type": "TabularTranslator",
                                "typeConversion": true,
                                "typeConversionSettings": {
                                    "allowDataTruncation": true,
                                    "treatBooleanAsNumber": false
                                }
                            }
                        },
                        "inputs": [
                            {
                                "referenceName": "medicationssqlds",
                                "type": "DatasetReference",
                                "parameters": {}
                            }
                        ],
                        "outputs": [
                            {
                                "referenceName": "TransformedMedications",
                                "type": "DatasetReference",
                                "parameters": {}
                            }
                        ]
                    }
                ],
                "policy": {
                    "elapsedTimeMetric": {}
                },
                "annotations": [],
                "lastPublishTime": "2024-12-25T07:34:49Z"
            },
            "dependsOn": [
                "[concat(variables('factoryId'), '/datasets/patientsqlds')]",
                "[concat(variables('factoryId'), '/datasets/TransformedPatients')]",
                "[concat(variables('factoryId'), '/datasets/claimssqlds')]",
                "[concat(variables('factoryId'), '/datasets/TransformedClaims')]",
                "[concat(variables('factoryId'), '/datasets/medicationssqlds')]",
                "[concat(variables('factoryId'), '/datasets/TransformedMedications')]"
            ]
        },
        {
            "name": "[concat(parameters('factoryName'), '/EHRdata transformation')]",
            "type": "Microsoft.DataFactory/factories/pipelines",
            "apiVersion": "2018-06-01",
            "properties": {
                "activities": [
                    {
                        "name": "Patients",
                        "type": "ExecuteDataFlow",
                        "dependsOn": [],
                        "policy": {
                            "timeout": "0.12:00:00",
                            "retry": 0,
                            "retryIntervalInSeconds": 30,
                            "secureOutput": false,
                            "secureInput": false
                        },
                        "userProperties": [],
                        "typeProperties": {
                            "dataflow": {
                                "referenceName": "Patientsdf",
                                "type": "DataFlowReference",
                                "parameters": {},
                                "datasetParameters": {
                                    "Patients": {},
                                    "Validdata": {}
                                }
                            },
                            "staging": {},
                            "compute": {
                                "coreCount": 8,
                                "computeType": "General"
                            },
                            "traceLevel": "Fine"
                        }
                    },
                    {
                        "name": "Claims",
                        "type": "ExecuteDataFlow",
                        "dependsOn": [
                            {
                                "activity": "Patients",
                                "dependencyConditions": [
                                    "Succeeded"
                                ]
                            }
                        ],
                        "policy": {
                            "timeout": "0.12:00:00",
                            "retry": 0,
                            "retryIntervalInSeconds": 30,
                            "secureOutput": false,
                            "secureInput": false
                        },
                        "userProperties": [],
                        "typeProperties": {
                            "dataflow": {
                                "referenceName": "Claimsdf",
                                "type": "DataFlowReference",
                                "parameters": {},
                                "datasetParameters": {
                                    "Claims": {},
                                    "Patients": {},
                                    "ClaimsDB": {},
                                    "ErrorDB": {}
                                }
                            },
                            "staging": {},
                            "compute": {
                                "coreCount": 8,
                                "computeType": "General"
                            },
                            "traceLevel": "Fine"
                        }
                    },
                    {
                        "name": "Medications",
                        "type": "ExecuteDataFlow",
                        "dependsOn": [
                            {
                                "activity": "Claims",
                                "dependencyConditions": [
                                    "Succeeded"
                                ]
                            }
                        ],
                        "policy": {
                            "timeout": "0.12:00:00",
                            "retry": 0,
                            "retryIntervalInSeconds": 30,
                            "secureOutput": false,
                            "secureInput": false
                        },
                        "userProperties": [],
                        "typeProperties": {
                            "dataflow": {
                                "referenceName": "Medicationsdf",
                                "type": "DataFlowReference",
                                "parameters": {},
                                "datasetParameters": {
                                    "Medications": {},
                                    "Patients": {},
                                    "MedicationsDB": {},
                                    "ErrorDB": {}
                                }
                            },
                            "staging": {},
                            "compute": {
                                "coreCount": 8,
                                "computeType": "General"
                            },
                            "traceLevel": "Fine"
                        }
                    }
                ],
                "policy": {
                    "elapsedTimeMetric": {}
                },
                "annotations": [],
                "lastPublishTime": "2024-12-25T07:34:50Z"
            },
            "dependsOn": [
                "[concat(variables('factoryId'), '/dataflows/Patientsdf')]",
                "[concat(variables('factoryId'), '/dataflows/Claimsdf')]",
                "[concat(variables('factoryId'), '/dataflows/Medicationsdf')]"
            ]
        },
        {
            "name": "[concat(parameters('factoryName'), '/Errorsqlds')]",
            "type": "Microsoft.DataFactory/factories/datasets",
            "apiVersion": "2018-06-01",
            "properties": {
                "linkedServiceName": {
                    "referenceName": "etlsqldbls",
                    "type": "LinkedServiceReference"
                },
                "folder": {
                    "name": "sqlds"
                },
                "annotations": [],
                "type": "AzureSqlTable",
                "schema": [
                    {
                        "name": "ErrorID",
                        "type": "int",
                        "precision": 10
                    },
                    {
                        "name": "Source",
                        "type": "nvarchar"
                    },
                    {
                        "name": "ErrorMessage",
                        "type": "nvarchar"
                    },
                    {
                        "name": "ErrorTime",
                        "type": "datetime",
                        "precision": 23,
                        "scale": 3
                    }
                ],
                "typeProperties": {
                    "schema": "dbo",
                    "table": "ErrorLogs"
                }
            },
            "dependsOn": [
                "[concat(variables('factoryId'), '/linkedServices/etlsqldbls')]"
            ]
        },
        {
            "name": "[concat(parameters('factoryName'), '/claimssqlds')]",
            "type": "Microsoft.DataFactory/factories/datasets",
            "apiVersion": "2018-06-01",
            "properties": {
                "linkedServiceName": {
                    "referenceName": "etlsqldbls",
                    "type": "LinkedServiceReference"
                },
                "folder": {
                    "name": "sqlds"
                },
                "annotations": [],
                "type": "AzureSqlTable",
                "schema": [
                    {
                        "name": "ClaimID",
                        "type": "nvarchar"
                    },
                    {
                        "name": "PatientID",
                        "type": "nvarchar"
                    },
                    {
                        "name": "ServiceDate",
                        "type": "date"
                    },
                    {
                        "name": "ClaimAmount",
                        "type": "decimal",
                        "precision": 10,
                        "scale": 2
                    },
                    {
                        "name": "ClaimStatus",
                        "type": "nvarchar"
                    }
                ],
                "typeProperties": {
                    "schema": "dbo",
                    "table": "Claims"
                }
            },
            "dependsOn": [
                "[concat(variables('factoryId'), '/linkedServices/etlsqldbls')]"
            ]
        },
        {
            "name": "[concat(parameters('factoryName'), '/TransformedPatients')]",
            "type": "Microsoft.DataFactory/factories/datasets",
            "apiVersion": "2018-06-01",
            "properties": {
                "linkedServiceName": {
                    "referenceName": "csvblobls",
                    "type": "LinkedServiceReference"
                },
                "annotations": [],
                "type": "DelimitedText",
                "typeProperties": {
                    "location": {
                        "type": "AzureBlobStorageLocation",
                        "container": "etlblob"
                    },
                    "columnDelimiter": ",",
                    "escapeChar": "\\",
                    "firstRowAsHeader": true,
                    "quoteChar": "\""
                },
                "schema": [
                    {
                        "name": "ClaimID",
                        "type": "String"
                    },
                    {
                        "name": "PatientID",
                        "type": "String"
                    },
                    {
                        "name": "ClaimAmount",
                        "type": "String"
                    },
                    {
                        "name": "ClaimStatus",
                        "type": "String"
                    },
                    {
                        "name": "ServiceDate",
                        "type": "String"
                    }
                ]
            },
            "dependsOn": [
                "[concat(variables('factoryId'), '/linkedServices/csvblobls')]"
            ]
        },
        {
            "name": "[concat(parameters('factoryName'), '/medicationsblobds')]",
            "type": "Microsoft.DataFactory/factories/datasets",
            "apiVersion": "2018-06-01",
            "properties": {
                "linkedServiceName": {
                    "referenceName": "csvblobls",
                    "type": "LinkedServiceReference"
                },
                "folder": {
                    "name": "blobds"
                },
                "annotations": [],
                "type": "DelimitedText",
                "typeProperties": {
                    "location": {
                        "type": "AzureBlobStorageLocation",
                        "fileName": "Updated_Medications.csv",
                        "container": "etlblob"
                    },
                    "columnDelimiter": ",",
                    "escapeChar": "\\",
                    "firstRowAsHeader": true,
                    "quoteChar": "\""
                },
                "schema": [
                    {
                        "name": "MedicationID",
                        "type": "String"
                    },
                    {
                        "name": "PatientID",
                        "type": "String"
                    },
                    {
                        "name": "MedicationName",
                        "type": "String"
                    },
                    {
                        "name": "Dosage",
                        "type": "String"
                    },
                    {
                        "name": "PrescriptionDate",
                        "type": "String"
                    },
                    {
                        "name": "AdherenceFlag",
                        "type": "String"
                    }
                ]
            },
            "dependsOn": [
                "[concat(variables('factoryId'), '/linkedServices/csvblobls')]"
            ]
        },
        {
            "name": "[concat(parameters('factoryName'), '/patientsqlds')]",
            "type": "Microsoft.DataFactory/factories/datasets",
            "apiVersion": "2018-06-01",
            "properties": {
                "linkedServiceName": {
                    "referenceName": "etlsqldbls",
                    "type": "LinkedServiceReference"
                },
                "folder": {
                    "name": "sqlds"
                },
                "annotations": [],
                "type": "AzureSqlTable",
                "schema": [
                    {
                        "name": "PatientID",
                        "type": "nvarchar"
                    },
                    {
                        "name": "Name",
                        "type": "nvarchar"
                    },
                    {
                        "name": "Age",
                        "type": "int",
                        "precision": 10
                    },
                    {
                        "name": "Gender",
                        "type": "nvarchar"
                    },
                    {
                        "name": "Region",
                        "type": "nvarchar"
                    },
                    {
                        "name": "ICDCode",
                        "type": "nvarchar"
                    },
                    {
                        "name": "AdmissionDate",
                        "type": "date"
                    },
                    {
                        "name": "DischargeDate",
                        "type": "date"
                    },
                    {
                        "name": "ReadmissionFlag",
                        "type": "bit"
                    }
                ],
                "typeProperties": {
                    "schema": "dbo",
                    "table": "Patients"
                }
            },
            "dependsOn": [
                "[concat(variables('factoryId'), '/linkedServices/etlsqldbls')]"
            ]
        },
        {
            "name": "[concat(parameters('factoryName'), '/medicationssqlds')]",
            "type": "Microsoft.DataFactory/factories/datasets",
            "apiVersion": "2018-06-01",
            "properties": {
                "linkedServiceName": {
                    "referenceName": "etlsqldbls",
                    "type": "LinkedServiceReference"
                },
                "folder": {
                    "name": "sqlds"
                },
                "annotations": [],
                "type": "AzureSqlTable",
                "schema": [
                    {
                        "name": "MedicationID",
                        "type": "nvarchar"
                    },
                    {
                        "name": "PatientID",
                        "type": "nvarchar"
                    },
                    {
                        "name": "PrescriptionDate",
                        "type": "date"
                    },
                    {
                        "name": "MedicationName",
                        "type": "nvarchar"
                    },
                    {
                        "name": "Dosage",
                        "type": "nvarchar"
                    },
                    {
                        "name": "AdherenceFlag",
                        "type": "bit"
                    }
                ],
                "typeProperties": {
                    "schema": "dbo",
                    "table": "Medications"
                }
            },
            "dependsOn": [
                "[concat(variables('factoryId'), '/linkedServices/etlsqldbls')]"
            ]
        },
        {
            "name": "[concat(parameters('factoryName'), '/TransformedMedications')]",
            "type": "Microsoft.DataFactory/factories/datasets",
            "apiVersion": "2018-06-01",
            "properties": {
                "linkedServiceName": {
                    "referenceName": "csvblobls",
                    "type": "LinkedServiceReference"
                },
                "annotations": [],
                "type": "DelimitedText",
                "typeProperties": {
                    "location": {
                        "type": "AzureBlobStorageLocation",
                        "container": "etlblob"
                    },
                    "columnDelimiter": ",",
                    "escapeChar": "\\",
                    "firstRowAsHeader": true,
                    "quoteChar": "\""
                },
                "schema": [
                    {
                        "name": "ClaimID",
                        "type": "String"
                    },
                    {
                        "name": "PatientID",
                        "type": "String"
                    },
                    {
                        "name": "ClaimAmount",
                        "type": "String"
                    },
                    {
                        "name": "ClaimStatus",
                        "type": "String"
                    },
                    {
                        "name": "ServiceDate",
                        "type": "String"
                    }
                ]
            },
            "dependsOn": [
                "[concat(variables('factoryId'), '/linkedServices/csvblobls')]"
            ]
        },
        {
            "name": "[concat(parameters('factoryName'), '/claimsblobds')]",
            "type": "Microsoft.DataFactory/factories/datasets",
            "apiVersion": "2018-06-01",
            "properties": {
                "linkedServiceName": {
                    "referenceName": "csvblobls",
                    "type": "LinkedServiceReference"
                },
                "folder": {
                    "name": "blobds"
                },
                "annotations": [],
                "type": "DelimitedText",
                "typeProperties": {
                    "location": {
                        "type": "AzureBlobStorageLocation",
                        "fileName": "Claims.csv",
                        "container": "etlblob"
                    },
                    "columnDelimiter": ",",
                    "escapeChar": "\\",
                    "firstRowAsHeader": true,
                    "quoteChar": "\""
                },
                "schema": [
                    {
                        "name": "ClaimID",
                        "type": "String"
                    },
                    {
                        "name": "PatientID",
                        "type": "String"
                    },
                    {
                        "name": "ClaimAmount",
                        "type": "String"
                    },
                    {
                        "name": "ClaimStatus",
                        "type": "String"
                    },
                    {
                        "name": "ServiceDate",
                        "type": "String"
                    }
                ]
            },
            "dependsOn": [
                "[concat(variables('factoryId'), '/linkedServices/csvblobls')]"
            ]
        },
        {
            "name": "[concat(parameters('factoryName'), '/patientsblobds')]",
            "type": "Microsoft.DataFactory/factories/datasets",
            "apiVersion": "2018-06-01",
            "properties": {
                "linkedServiceName": {
                    "referenceName": "csvblobls",
                    "type": "LinkedServiceReference"
                },
                "folder": {
                    "name": "blobds"
                },
                "annotations": [],
                "type": "DelimitedText",
                "typeProperties": {
                    "location": {
                        "type": "AzureBlobStorageLocation",
                        "fileName": "Patients.csv",
                        "container": "etlblob"
                    },
                    "columnDelimiter": ",",
                    "escapeChar": "\\",
                    "firstRowAsHeader": true,
                    "quoteChar": "\""
                },
                "schema": [
                    {
                        "name": "PatientID",
                        "type": "String"
                    },
                    {
                        "name": "Name",
                        "type": "String"
                    },
                    {
                        "name": "Age",
                        "type": "String"
                    },
                    {
                        "name": "Gender",
                        "type": "String"
                    },
                    {
                        "name": "Region/ZIP Code",
                        "type": "String"
                    },
                    {
                        "name": "ICDCode",
                        "type": "String"
                    },
                    {
                        "name": "AdmissionDate",
                        "type": "String"
                    },
                    {
                        "name": "DischargeDate",
                        "type": "String"
                    },
                    {
                        "name": "ReadmissionFlag",
                        "type": "String"
                    }
                ]
            },
            "dependsOn": [
                "[concat(variables('factoryId'), '/linkedServices/csvblobls')]"
            ]
        },
        {
            "name": "[concat(parameters('factoryName'), '/TransformedClaims')]",
            "type": "Microsoft.DataFactory/factories/datasets",
            "apiVersion": "2018-06-01",
            "properties": {
                "linkedServiceName": {
                    "referenceName": "csvblobls",
                    "type": "LinkedServiceReference"
                },
                "annotations": [],
                "type": "DelimitedText",
                "typeProperties": {
                    "location": {
                        "type": "AzureBlobStorageLocation",
                        "container": "etlblob"
                    },
                    "columnDelimiter": ",",
                    "escapeChar": "\\",
                    "firstRowAsHeader": true,
                    "quoteChar": "\""
                },
                "schema": [
                    {
                        "name": "ClaimID",
                        "type": "String"
                    },
                    {
                        "name": "PatientID",
                        "type": "String"
                    },
                    {
                        "name": "ClaimAmount",
                        "type": "String"
                    },
                    {
                        "name": "ClaimStatus",
                        "type": "String"
                    },
                    {
                        "name": "ServiceDate",
                        "type": "String"
                    }
                ]
            },
            "dependsOn": [
                "[concat(variables('factoryId'), '/linkedServices/csvblobls')]"
            ]
        },
        {
            "name": "[concat(parameters('factoryName'), '/Medicationsdf')]",
            "type": "Microsoft.DataFactory/factories/dataflows",
            "apiVersion": "2018-06-01",
            "properties": {
                "type": "MappingDataFlow",
                "typeProperties": {
                    "sources": [
                        {
                            "dataset": {
                                "referenceName": "medicationsblobds",
                                "type": "DatasetReference"
                            },
                            "name": "Medications"
                        },
                        {
                            "dataset": {
                                "referenceName": "patientsqlds",
                                "type": "DatasetReference"
                            },
                            "name": "Patients"
                        }
                    ],
                    "sinks": [
                        {
                            "dataset": {
                                "referenceName": "medicationssqlds",
                                "type": "DatasetReference"
                            },
                            "name": "MedicationsDB"
                        },
                        {
                            "dataset": {
                                "referenceName": "Errorsqlds",
                                "type": "DatasetReference"
                            },
                            "name": "ErrorDB"
                        }
                    ],
                    "transformations": [
                        {
                            "name": "ToDateFormat"
                        },
                        {
                            "name": "Adherencecheck"
                        },
                        {
                            "name": "ValidPatients"
                        },
                        {
                            "name": "ErrorDetails"
                        },
                        {
                            "name": "lookup1"
                        },
                        {
                            "name": "filter1"
                        }
                    ],
                    "scriptLines": [
                        "source(output(",
                        "          MedicationID as string,",
                        "          PatientID as string,",
                        "          MedicationName as string,",
                        "          Dosage as string,",
                        "          PrescriptionDate as string,",
                        "          AdherenceFlag as string",
                        "     ),",
                        "     allowSchemaDrift: true,",
                        "     validateSchema: false,",
                        "     ignoreNoFilesFound: false) ~> Medications",
                        "source(output(",
                        "          PatientID as string,",
                        "          Name as string,",
                        "          Age as integer,",
                        "          Gender as string,",
                        "          Region as string,",
                        "          ICDCode as string,",
                        "          AdmissionDate as date,",
                        "          DischargeDate as date,",
                        "          ReadmissionFlag as boolean",
                        "     ),",
                        "     allowSchemaDrift: true,",
                        "     validateSchema: false,",
                        "     isolationLevel: 'READ_UNCOMMITTED',",
                        "     format: 'table') ~> Patients",
                        "Medications derive(PrescriptionDate = toDate(PrescriptionDate, 'yyyy-mm-dd')) ~> ToDateFormat",
                        "ToDateFormat derive(AdherenceFlag = iif(AdherenceFlag == \"True\" || AdherenceFlag == \"False\", AdherenceFlag, toString(null()))) ~> Adherencecheck",
                        "lookup1 split(!isNull(Patients@PatientID),",
                        "     disjoint: false) ~> ValidPatients@(validMedications, invalidMedications)",
                        "ValidPatients@invalidMedications derive(Source = \"Medications\",",
                        "          ErrorMessage = \"Invalid PatientID\",",
                        "          ErrorTime = currentTimestamp()) ~> ErrorDetails",
                        "filter1, Patients lookup(Medications@PatientID == Patients@PatientID,",
                        "     multiple: false,",
                        "     pickup: 'any',",
                        "     broadcast: 'right')~> lookup1",
                        "Adherencecheck filter(!isNull(PatientID) && PatientID != '') ~> filter1",
                        "ValidPatients@validMedications sink(allowSchemaDrift: true,",
                        "     validateSchema: false,",
                        "     input(",
                        "          MedicationID as string,",
                        "          PatientID as string,",
                        "          PrescriptionDate as date,",
                        "          MedicationName as string,",
                        "          Dosage as string,",
                        "          AdherenceFlag as boolean",
                        "     ),",
                        "     deletable:false,",
                        "     insertable:true,",
                        "     updateable:false,",
                        "     upsertable:false,",
                        "     format: 'table',",
                        "     skipDuplicateMapInputs: true,",
                        "     skipDuplicateMapOutputs: true,",
                        "     errorHandlingOption: 'stopOnFirstError',",
                        "     mapColumn(",
                        "          MedicationID,",
                        "          PatientID = ValidPatients@validMedications@PatientID,",
                        "          MedicationName,",
                        "          Dosage,",
                        "          PrescriptionDate,",
                        "          AdherenceFlag",
                        "     )) ~> MedicationsDB",
                        "ErrorDetails sink(allowSchemaDrift: true,",
                        "     validateSchema: false,",
                        "     input(",
                        "          ErrorID as integer,",
                        "          Source as string,",
                        "          ErrorMessage as string,",
                        "          ErrorTime as timestamp",
                        "     ),",
                        "     deletable:false,",
                        "     insertable:true,",
                        "     updateable:false,",
                        "     upsertable:false,",
                        "     format: 'table',",
                        "     skipDuplicateMapInputs: true,",
                        "     skipDuplicateMapOutputs: true,",
                        "     errorHandlingOption: 'stopOnFirstError',",
                        "     mapColumn(",
                        "          Source,",
                        "          ErrorMessage,",
                        "          ErrorTime",
                        "     )) ~> ErrorDB"
                    ]
                }
            },
            "dependsOn": [
                "[concat(variables('factoryId'), '/datasets/medicationsblobds')]",
                "[concat(variables('factoryId'), '/datasets/patientsqlds')]",
                "[concat(variables('factoryId'), '/datasets/medicationssqlds')]",
                "[concat(variables('factoryId'), '/datasets/Errorsqlds')]"
            ]
        },
        {
            "name": "[concat(parameters('factoryName'), '/Patientsdf')]",
            "type": "Microsoft.DataFactory/factories/dataflows",
            "apiVersion": "2018-06-01",
            "properties": {
                "type": "MappingDataFlow",
                "typeProperties": {
                    "sources": [
                        {
                            "dataset": {
                                "referenceName": "patientsblobds",
                                "type": "DatasetReference"
                            },
                            "name": "Patients"
                        }
                    ],
                    "sinks": [
                        {
                            "dataset": {
                                "referenceName": "patientsqlds",
                                "type": "DatasetReference"
                            },
                            "name": "Validdata"
                        }
                    ],
                    "transformations": [
                        {
                            "name": "Age"
                        },
                        {
                            "name": "Region"
                        },
                        {
                            "name": "ReadmissionFlag"
                        },
                        {
                            "name": "toDateFormat"
                        },
                        {
                            "name": "RemoveDuplicates"
                        }
                    ],
                    "scriptLines": [
                        "source(output(",
                        "          PatientID as string,",
                        "          Name as string,",
                        "          Age as string,",
                        "          Gender as string,",
                        "          {Region/ZIP Code} as string,",
                        "          ICDCode as string,",
                        "          AdmissionDate as string,",
                        "          DischargeDate as string,",
                        "          ReadmissionFlag as string",
                        "     ),",
                        "     allowSchemaDrift: true,",
                        "     validateSchema: false,",
                        "     ignoreNoFilesFound: false) ~> Patients",
                        "Patients derive(Age = iif(toInteger(Age) < 0 || toInteger(Age) > 100, toString(null()), Age)) ~> Age",
                        "Age derive({Region/ZIP Code} = iif(isNull({Region/ZIP Code}), \"Unknown\", {Region/ZIP Code})) ~> Region",
                        "Region derive(ReadmissionFlag = iif(toInteger(ReadmissionFlag) != 0 || toInteger(ReadmissionFlag) != 1, toString(null()), ReadmissionFlag)) ~> ReadmissionFlag",
                        "ReadmissionFlag derive(TAdmissionDate = toDate(AdmissionDate, 'yyyy-MM-dd'),",
                        "          TDischargeDate = toDate(DischargeDate, 'yyyy-MM-dd')) ~> toDateFormat",
                        "toDateFormat aggregate(groupBy(PatientID),",
                        "     Name = first(Name),",
                        "          Age = first(Age),",
                        "          Gender = first(Gender),",
                        "          {Region/ZIP Code} = first({Region/ZIP Code}),",
                        "          ICDCode = first(ICDCode),",
                        "          AdmissionDate = first(TAdmissionDate),",
                        "          DischargeDate = first(TDischargeDate),",
                        "          ReadmissionFlag = first(ReadmissionFlag)) ~> RemoveDuplicates",
                        "RemoveDuplicates sink(allowSchemaDrift: true,",
                        "     validateSchema: false,",
                        "     input(",
                        "          PatientID as string,",
                        "          Name as string,",
                        "          Age as integer,",
                        "          Gender as string,",
                        "          Region as string,",
                        "          ICDCode as string,",
                        "          AdmissionDate as date,",
                        "          DischargeDate as date,",
                        "          ReadmissionFlag as boolean",
                        "     ),",
                        "     deletable:false,",
                        "     insertable:true,",
                        "     updateable:false,",
                        "     upsertable:false,",
                        "     format: 'table',",
                        "     skipDuplicateMapInputs: true,",
                        "     skipDuplicateMapOutputs: true,",
                        "     errorHandlingOption: 'stopOnFirstError',",
                        "     mapColumn(",
                        "          PatientID,",
                        "          Name,",
                        "          Age,",
                        "          Gender,",
                        "          Region = {Region/ZIP Code},",
                        "          ICDCode,",
                        "          AdmissionDate,",
                        "          DischargeDate,",
                        "          ReadmissionFlag",
                        "     )) ~> Validdata"
                    ]
                }
            },
            "dependsOn": [
                "[concat(variables('factoryId'), '/datasets/patientsblobds')]",
                "[concat(variables('factoryId'), '/datasets/patientsqlds')]"
            ]
        },
        {
            "name": "[concat(parameters('factoryName'), '/Claimsdf')]",
            "type": "Microsoft.DataFactory/factories/dataflows",
            "apiVersion": "2018-06-01",
            "properties": {
                "type": "MappingDataFlow",
                "typeProperties": {
                    "sources": [
                        {
                            "dataset": {
                                "referenceName": "claimsblobds",
                                "type": "DatasetReference"
                            },
                            "name": "Claims"
                        },
                        {
                            "dataset": {
                                "referenceName": "patientsqlds",
                                "type": "DatasetReference"
                            },
                            "name": "Patients"
                        }
                    ],
                    "sinks": [
                        {
                            "dataset": {
                                "referenceName": "claimssqlds",
                                "type": "DatasetReference"
                            },
                            "name": "ClaimsDB"
                        },
                        {
                            "dataset": {
                                "referenceName": "Errorsqlds",
                                "type": "DatasetReference"
                            },
                            "name": "ErrorDB"
                        }
                    ],
                    "transformations": [
                        {
                            "name": "PatientIDLookUP"
                        },
                        {
                            "name": "ToDateFormat"
                        },
                        {
                            "name": "ValidPatients"
                        },
                        {
                            "name": "ClaimAmount"
                        },
                        {
                            "name": "filter1"
                        },
                        {
                            "name": "ErrorDetails"
                        },
                        {
                            "name": "Claimstatus"
                        },
                        {
                            "name": "PatientIDValidation"
                        }
                    ],
                    "scriptLines": [
                        "source(output(",
                        "          ClaimID as string,",
                        "          PatientID as string,",
                        "          ClaimAmount as string,",
                        "          ClaimStatus as string,",
                        "          ServiceDate as string",
                        "     ),",
                        "     allowSchemaDrift: true,",
                        "     validateSchema: false,",
                        "     ignoreNoFilesFound: false) ~> Claims",
                        "source(output(",
                        "          PatientID as string,",
                        "          Name as string,",
                        "          Age as integer,",
                        "          Gender as string,",
                        "          Region as string,",
                        "          ICDCode as string,",
                        "          AdmissionDate as date,",
                        "          DischargeDate as date,",
                        "          ReadmissionFlag as boolean",
                        "     ),",
                        "     allowSchemaDrift: true,",
                        "     validateSchema: false,",
                        "     isolationLevel: 'READ_UNCOMMITTED',",
                        "     format: 'table') ~> Patients",
                        "filter1, Patients lookup(Claims@PatientID == Patients@PatientID,",
                        "     multiple: false,",
                        "     pickup: 'any',",
                        "     broadcast: 'right')~> PatientIDLookUP",
                        "Claims derive(ServiceDate = toDate(ServiceDate,'yyyy-mm-dd')) ~> ToDateFormat",
                        "PatientIDValidation split(ValidationStatus == 'Valid PatientID',",
                        "     disjoint: false) ~> ValidPatients@(ValidClaims, InvalidClaims)",
                        "ToDateFormat derive(Cleaned_ClaimAmount = iif(toInteger(ClaimAmount) < 0 || toInteger(ClaimAmount) > 10000, toString(null()), ClaimAmount)) ~> ClaimAmount",
                        "Claimstatus filter(!isNull(PatientID) && PatientID != '') ~> filter1",
                        "ValidPatients@InvalidClaims derive(Source = \"Claims\",",
                        "          ErrorTime = currentTimestamp(),",
                        "          ErrorMessage = iif(isNull(Cleaned_ClaimAmount), 'Invalid ClaimAmount', iif(isNull(ValidPatients@InvalidClaims@PatientID), 'Invalid PatientID', iif(ClaimStatus == 'Unknown', 'Invalid ClaimStatus', '')))) ~> ErrorDetails",
                        "ClaimAmount derive(ClaimStatus = iif(ClaimStatus == \"Approved\" || ClaimStatus == \"Rejected\" || ClaimStatus == \"Pending\", ClaimStatus, \"Unknown\")) ~> Claimstatus",
                        "PatientIDLookUP derive(ValidationStatus = iif(isNull(Patients@PatientID), 'Invalid PatientID', 'Valid PatientID')) ~> PatientIDValidation",
                        "ValidPatients@ValidClaims sink(allowSchemaDrift: true,",
                        "     validateSchema: false,",
                        "     input(",
                        "          ClaimID as string,",
                        "          PatientID as string,",
                        "          ServiceDate as date,",
                        "          ClaimAmount as decimal(10,2),",
                        "          ClaimStatus as string",
                        "     ),",
                        "     deletable:false,",
                        "     insertable:true,",
                        "     updateable:false,",
                        "     upsertable:false,",
                        "     format: 'table',",
                        "     skipDuplicateMapInputs: true,",
                        "     skipDuplicateMapOutputs: true,",
                        "     errorHandlingOption: 'stopOnFirstError',",
                        "     mapColumn(",
                        "          ClaimID,",
                        "          PatientID = ValidPatients@ValidClaims@PatientID,",
                        "          ClaimAmount = Cleaned_ClaimAmount,",
                        "          ClaimStatus,",
                        "          ServiceDate",
                        "     )) ~> ClaimsDB",
                        "ErrorDetails sink(allowSchemaDrift: true,",
                        "     validateSchema: false,",
                        "     input(",
                        "          ErrorID as integer,",
                        "          Source as string,",
                        "          ErrorMessage as string,",
                        "          ErrorTime as timestamp",
                        "     ),",
                        "     deletable:false,",
                        "     insertable:true,",
                        "     updateable:false,",
                        "     upsertable:false,",
                        "     format: 'table',",
                        "     skipDuplicateMapInputs: true,",
                        "     skipDuplicateMapOutputs: true,",
                        "     errorHandlingOption: 'stopOnFirstError',",
                        "     mapColumn(",
                        "          Source,",
                        "          ErrorMessage,",
                        "          ErrorTime",
                        "     )) ~> ErrorDB"
                    ]
                }
            },
            "dependsOn": [
                "[concat(variables('factoryId'), '/datasets/claimsblobds')]",
                "[concat(variables('factoryId'), '/datasets/patientsqlds')]",
                "[concat(variables('factoryId'), '/datasets/claimssqlds')]",
                "[concat(variables('factoryId'), '/datasets/Errorsqlds')]"
            ]
        }
    ]
}